trial1,trial2
0.8079264518865102,1.2945907507520575
0.10061641496303363,0.3451431247368685
2.313710415865512,-1.8942839109690752
-0.9686373221840274,-0.6850001217587088
0.4635403684555376,1.3473752054953878
1.3110599669093346,-1.1721133884516097
-1.9536797205303575,-0.11153729216211701
0.46697129504564344,0.9679939556020799
-0.35824145329633805,-0.19522722659094022
-0.09484880734115651,0.4987731856613272
